date,open,high,low,close,volume
8/20/2018,107.510002,107.900002,106.480003,106.870003,17914200
8/21/2018,106.919998,107.349998,105.849998,105.980003,22881900
8/22/2018,105.849998,107.339996,105.779999,107.059998,18000600
8/23/2018,107.150002,108.18,106.870003,107.559998,18167700
8/24/2018,107.669998,108.559998,107.559998,108.400002,17234000
8/27/2018,109.269997,109.639999,108.510002,109.599998,19662300
8/28/2018,109.940002,110.5,109.790001,110.260002,19151500
8/29/2018,110.449997,112.029999,110.269997,112.019997,20818000
8/30/2018,111.669998,112.610001,111.440002,111.949997,22798700
8/31/2018,111.690002,112.779999,111.519997,112.330002,23222700
9/4/2018,110.849998,111.959999,110.220001,111.709999,22634600
9/5/2018,111.010002,111.419998,108.099998,108.489998,32872400
9/6/2018,108.25,108.989998,107.510002,108.739998,23477600
9/7/2018,108.230003,108.720001,107.230003,108.209999,22498600
9/10/2018,108.839996,109.639999,108.360001,109.379997,20727900
9/11/2018,108.900002,111.589996,108.889999,111.239998,24301800
9/12/2018,111.43,111.849998,110.510002,111.709999,18891100
9/13/2018,112.120003,113.730003,112.120003,112.910004,26055600
9/14/2018,113.360001,113.730003,112.440002,113.370003,19122300
9/17/2018,113.690002,113.699997,111.860001,112.139999,20736500
9/18/2018,112.190002,113.699997,111.720001,113.209999,22170900
9/19/2018,113.050003,113.32,111.040001,111.699997,21728400
9/20/2018,112.279999,113.800003,111.93,113.57,23714500
9/21/2018,114,115.290001,113.510002,114.260002,71229700
9/24/2018,113.029999,114.900002,112.220001,114.669998,27334500
9/25/2018,114.800003,115.099998,113.75,114.449997,22668000
9/26/2018,114.470001,115.059998,113.739998,113.980003,19352000
9/27/2018,114.779999,114.910004,114.199997,114.410004,19091300
9/28/2018,114.190002,114.57,113.68,114.370003,21647800
10/1/2018,114.75,115.68,114.730003,115.610001,18883100
10/2/2018,115.300003,115.839996,114.440002,115.150002,20787200
10/3/2018,115.419998,116.18,114.93,115.169998,16648000
10/4/2018,114.610001,114.760002,111.629997,112.790001,34821700
10/5/2018,112.629997,113.169998,110.639999,112.129997,29068900
10/8/2018,111.660004,112.029999,109.339996,110.849998,29640600
10/9/2018,111.139999,113.080002,110.800003,112.260002,26198600
10/10/2018,111.239998,111.5,105.790001,106.160004,61376300
10/11/2018,105.349998,108.93,104.199997,105.910004,63904300
10/12/2018,109.010002,111.239998,107.120003,109.57,47742100
10/15/2018,108.910004,109.480003,106.949997,107.599998,32068100
10/16/2018,109.540001,111.410004,108.949997,111,31610200
10/17/2018,111.68,111.809998,109.550003,110.709999,26548200
10/18/2018,110.099998,110.529999,107.830002,108.5,32506200
10/19/2018,108.93,110.860001,108.209999,108.660004,32785500
10/22/2018,109.32,110.540001,108.239998,109.629997,26545600
10/23/2018,107.769997,108.970001,105.110001,108.099998,43770400
10/24/2018,108.410004,108.489998,101.589996,102.32,63897800
10/25/2018,106.550003,109.269997,106.150002,108.300003,61646800
10/26/2018,105.690002,108.75,104.760002,106.959999,55523100
10/29/2018,108.110001,108.699997,101.629997,103.849998,55162000
10/30/2018,103.660004,104.379997,100.110001,103.730003,65350900
10/31/2018,105.440002,108.139999,105.389999,106.809998,51062400
11/1/2018,107.050003,107.32,105.529999,105.919998,33384200
11/2/2018,106.480003,107.32,104.980003,106.160004,37680200
11/5/2018,106.370003,107.739998,105.900002,107.510002,27922100
11/6/2018,107.379997,108.839996,106.279999,107.720001,24340200
11/7/2018,109.440002,112.239998,109.400002,111.959999,37901700
11/8/2018,111.800003,112.209999,110.910004,111.75,25644100
11/9/2018,110.849998,111.449997,108.760002,109.57,32039200
11/12/2018,109.419998,109.959999,106.099998,106.870003,33621800
11/13/2018,107.550003,108.739998,106.639999,106.940002,35374600
11/14/2018,108.099998,108.260002,104.470001,104.970001,39495100
11/15/2018,104.989998,107.800003,103.910004,107.279999,38505200
11/16/2018,107.080002,108.879997,106.800003,108.290001,33502100
11/19/2018,108.269997,108.559998,103.550003,104.620003,44773900
11/20/2018,101.800003,102.970001,99.349998,101.709999,64052500
11/21/2018,103.599998,104.43,102.239998,103.110001,28130600
11/23/2018,102.169998,103.809998,102,103.07,13823100
11/26/2018,104.790001,106.629997,104.580002,106.470001,32336200
11/27/2018,106.269997,107.330002,105.360001,107.139999,29124500
11/28/2018,107.889999,111.330002,107.860001,111.120003,46788500
11/29/2018,110.330002,111.120003,109.029999,110.190002,28123200
11/30/2018,110.699997,110.970001,109.360001,110.889999,33665600
12/3/2018,113,113.419998,110.730003,112.089996,34732800
12/4/2018,111.940002,112.639999,108.209999,108.519997,45197000
12/6/2018,105.82,109.239998,105,109.190002,49107400
12/7/2018,108.379997,109.449997,104.300003,104.82,45044900
12/10/2018,104.800003,107.980003,103.889999,107.589996,40801500
12/11/2018,109.800003,110.949997,107.440002,108.589996,42381900
12/12/2018,110.889999,111.269997,109.040001,109.080002,36183000
12/13/2018,109.580002,110.870003,108.629997,109.449997,31333400
12/14/2018,108.25,109.260002,105.5,106.029999,47043100
12/17/2018,105.410004,105.800003,101.709999,102.889999,56957300
12/18/2018,103.75,104.510002,102.519997,103.970001,49319200
12/19/2018,103.650002,106.879997,101.349998,103.690002,68198200
12/20/2018,103.050003,104.309998,98.779999,101.510002,70334200
12/21/2018,101.629997,103,97.459999,98.230003,111242100
12/24/2018,97.68,97.970001,93.980003,94.129997,43935200
12/26/2018,95.139999,100.690002,93.959999,100.559998,51634800
12/27/2018,99.300003,101.190002,96.400002,101.18,49498500
12/28/2018,102.089996,102.410004,99.519997,100.389999,38196300
12/31/2018,101.290001,102.400002,100.440002,101.57,33173800
1/2/2019,99.550003,101.75,98.940002,101.120003,35329300
1/3/2019,100.099998,100.190002,97.199997,97.400002,42579100
1/4/2019,99.720001,102.510002,98.93,101.93,44060600
1/7/2019,101.639999,103.269997,100.980003,102.059998,35656100
1/8/2019,103.040001,103.970001,101.709999,102.800003,31514400
1/9/2019,103.860001,104.879997,103.239998,104.269997,32280800
1/10/2019,103.220001,103.75,102.379997,103.599998,30067600
1/11/2019,103.190002,103.440002,101.639999,102.800003,28314200
1/14/2019,101.900002,102.870003,101.260002,102.050003,28437100
1/15/2019,102.510002,105.050003,101.879997,105.010002,31587600
1/16/2019,105.260002,106.260002,104.959999,105.379997,29853900
1/17/2019,105,106.629997,104.760002,106.120003,28393000
1/18/2019,107.459999,107.900002,105.910004,107.709999,37427600
1/22/2019,106.75,107.099998,104.860001,105.68,32371300
1/23/2019,106.120003,107.040001,105.339996,106.709999,25874300
1/24/2019,106.860001,107,105.339996,106.199997,23164800
1/25/2019,107.239998,107.879997,106.199997,107.169998,31225600
1/28/2019,106.260002,106.480003,104.660004,105.080002,29476700
1/29/2019,104.879997,104.970001,102.169998,102.940002,31490500
1/30/2019,104.620003,106.379997,104.330002,106.379997,49471900
1/31/2019,103.800003,105.220001,103.18,104.43,55636400
2/1/2019,103.779999,104.099998,102.349998,102.779999,35535700
2/4/2019,102.870003,105.800003,102.769997,105.739998,31315100
2/5/2019,106.059998,107.269997,105.959999,107.220001,27325400
2/6/2019,107,107,105.529999,106.029999,20609800
2/7/2019,105.190002,105.589996,104.290001,105.269997,29760700
2/8/2019,104.389999,105.779999,104.260002,105.669998,21461100
2/11/2019,106.199997,106.580002,104.970001,105.25,18914100
2/12/2019,106.139999,107.139999,105.480003,106.889999,25056600
2/13/2019,107.5,107.779999,106.709999,106.809998,18394900
2/14/2019,106.309998,107.290001,105.660004,106.900002,21784700
2/15/2019,107.910004,108.300003,107.360001,108.220001,26606900
2/19/2019,107.790001,108.660004,107.779999,108.169998,18038500
2/20/2019,107.860001,107.940002,106.290001,107.150002,21607700
2/21/2019,106.900002,109.480003,106.870003,109.410004,29063200
2/22/2019,110.050003,111.199997,109.82,110.970001,27763200
2/25/2019,111.760002,112.18,111.260002,111.589996,23750600
2/26/2019,111.260002,113.239998,111.169998,112.360001,21536700
2/27/2019,111.690002,112.360001,110.879997,112.169998,21487100
2/28/2019,112.040001,112.879997,111.730003,112.029999,29083900
3/1/2019,112.889999,113.019997,111.669998,112.529999,23501200
3/4/2019,113.019997,113.25,110.800003,112.260002,26608000
3/5/2019,112.25,112.389999,111.230003,111.699997,19538300
3/6/2019,111.870003,112.660004,111.43,111.75,17687000
3/7/2019,111.400002,111.550003,109.870003,110.389999,25339000
3/8/2019,109.160004,110.709999,108.800003,110.510002,22818400
3/11/2019,110.989998,112.949997,110.980003,112.830002,26491600
3/12/2019,112.82,113.989998,112.650002,113.620003,26132700
3/13/2019,114.129997,115,113.779999,114.5,35513800
3/14/2019,114.540001,115.199997,114.330002,114.589996,30763400
3/15/2019,115.339996,117.25,114.589996,115.910004,54681100
3/18/2019,116.169998,117.610001,116.050003,117.57,31207600
3/19/2019,118.089996,118.440002,116.989998,117.650002,37588700
3/20/2019,117.389999,118.75,116.709999,117.519997,28113300
3/21/2019,117.139999,120.82,117.089996,120.220001,29854400
3/22/2019,119.5,119.589996,117.040001,117.050003,33624500
3/25/2019,116.559998,118.010002,116.32,117.660004,27067100
3/26/2019,118.620003,118.709999,116.849998,117.910004,26097700
3/27/2019,117.879997,118.209999,115.519997,116.769997,22733400
3/28/2019,117.440002,117.580002,116.129997,116.93,18334800
3/29/2019,118.07,118.32,116.959999,117.940002,25399800
4/1/2019,118.949997,119.110001,118.099998,119.019997,22789100
4/2/2019,119.059998,119.480003,118.519997,119.190002,18142300
4/3/2019,119.860001,120.43,119.150002,119.970001,22860700
4/4/2019,120.099998,120.230003,118.379997,119.360001,20112800
4/5/2019,119.389999,120.230003,119.370003,119.889999,15826200
4/8/2019,119.809998,120.019997,118.639999,119.93,15116200
4/9/2019,118.629997,119.540001,118.580002,119.279999,17612000
4/10/2019,119.760002,120.349998,119.540001,120.190002,16477200
4/11/2019,120.540001,120.849998,119.919998,120.330002,14209100
4/12/2019,120.639999,120.980003,120.370003,120.949997,19745100
4/15/2019,120.940002,121.580002,120.57,121.050003,15792600
4/16/2019,121.639999,121.650002,120.099998,120.769997,14071800
4/17/2019,121.239998,121.849998,120.540001,121.769997,19300900
4/18/2019,122.190002,123.519997,121.300003,123.370003,27991000
4/22/2019,122.620003,124,122.57,123.760002,15648700
4/23/2019,124.099998,125.580002,123.830002,125.440002,24025500
4/24/2019,125.790001,125.849998,124.519997,125.010002,31257000
4/25/2019,130.059998,131.369995,128.830002,129.149994,38033900
4/26/2019,129.699997,130.520004,129.020004,129.889999,23654900
4/29/2019,129.899994,130.179993,129.350006,129.770004,16324200
4/30/2019,129.809998,130.699997,129.389999,130.600006,24166500
5/1/2019,130.529999,130.649994,127.699997,127.879997,26821700
5/2/2019,127.980003,128,125.519997,126.209999,27350200
5/3/2019,127.360001,129.429993,127.25,128.899994,24911100
5/6/2019,126.389999,128.559998,126.110001,128.149994,24239800
5/7/2019,126.459999,127.18,124.220001,125.519997,36017700
5/8/2019,125.440002,126.370003,124.75,125.510002,28419000
5/9/2019,124.290001,125.790001,123.57,125.5,27235800
5/10/2019,124.910004,127.93,123.82,127.129997,30915100
5/13/2019,124.110001,125.550003,123.040001,123.349998,33944900
5/14/2019,123.870003,125.879997,123.699997,124.730003,25266300
5/15/2019,124.260002,126.709999,123.699997,126.019997,24722700
5/16/2019,126.75,129.380005,126.459999,128.929993,30112200
5/17/2019,128.309998,130.460007,127.919998,128.070007,25770500
5/20/2019,126.519997,127.589996,125.760002,126.220001,23706900
5/21/2019,127.43,127.529999,126.580002,126.900002,15293300
5/22/2019,126.620003,128.240005,126.519997,127.669998,15396500
5/23/2019,126.199997,126.290001,124.739998,126.18,23603800
5/24/2019,126.910004,127.419998,125.970001,126.239998,14123400
5/28/2019,126.980003,128,126.050003,126.160004,23128400
5/29/2019,125.379997,125.389999,124.040001,124.940002,22763100
5/30/2019,125.260002,125.760002,124.779999,125.730003,16829600
5/31/2019,124.230003,124.620003,123.32,123.68,26646800
6/3/2019,123.849998,124.370003,119.010002,119.839996,37983600
6/4/2019,121.279999,123.279999,120.650002,123.160004,29382600
6/5/2019,124.949997,125.870003,124.209999,125.830002,24926100
6/6/2019,126.440002,127.970001,125.599998,127.82,21459000
6/7/2019,129.190002,132.25,128.259995,131.399994,33885600
6/10/2019,132.399994,134.080002,132,132.600006,26477100
6/11/2019,133.880005,134.240005,131.279999,132.100006,23913700
6/12/2019,131.399994,131.970001,130.710007,131.490005,17092500
6/13/2019,131.979996,133,131.559998,132.320007,17200800
6/14/2019,132.259995,133.789993,131.639999,132.449997,17821700
6/17/2019,132.630005,133.729996,132.529999,132.850006,14517800
6/18/2019,134.190002,135.240005,133.570007,135.160004,25934500
6/19/2019,135,135.929993,133.809998,135.690002,23744400
6/20/2019,137.449997,137.660004,135.720001,136.949997,33042600
6/21/2019,136.580002,137.729996,136.460007,136.970001,36727900
6/24/2019,137,138.399994,137,137.779999,20628800
6/25/2019,137.25,137.589996,132.729996,133.429993,33327400
6/26/2019,134.350006,135.740005,133.600006,133.929993,23657700
6/27/2019,134.139999,134.710007,133.509995,134.149994,16557500
6/28/2019,134.570007,134.600006,133.160004,133.960007,30043000
7/1/2019,136.630005,136.699997,134.970001,135.679993,22613500
7/2/2019,136.119995,136.589996,135.339996,136.580002,15237800
7/3/2019,136.800003,137.740005,136.289993,137.460007,13629300
7/5/2019,135.940002,137.330002,135.720001,137.059998,18141100
7/8/2019,136.399994,137.100006,135.369995,136.960007,16779700
7/9/2019,136,136.970001,135.800003,136.460007,19953100
7/10/2019,137.130005,138.580002,137.020004,137.850006,24204400
7/11/2019,138.199997,139.220001,137.869995,138.399994,22327900
7/12/2019,138.850006,139.130005,138.009995,138.899994,18936800
7/15/2019,139.440002,139.539993,138.460007,138.899994,16651500
7/16/2019,138.960007,139.050003,136.520004,137.080002,22726100
7/17/2019,137.699997,137.929993,136.220001,136.270004,20211000
7/18/2019,135.550003,136.619995,134.669998,136.419998,30381800
7/19/2019,140.220001,140.669998,136.449997,136.619995,48992400
7/22/2019,137.410004,139.190002,137.330002,138.429993,25074900
7/23/2019,139.759995,139.990005,138.029999,139.289993,18034600
7/24/2019,138.899994,140.740005,138.850006,140.720001,20738300
7/25/2019,140.429993,140.610001,139.320007,140.190002,18356900
7/26/2019,140.369995,141.679993,140.300003,141.339996,19037600
7/29/2019,141.5,141.509995,139.369995,141.029999,16605900
7/30/2019,140.139999,141.220001,139.800003,140.350006,16846500
7/31/2019,140.330002,140.490005,135.080002,136.270004,38598800
8/1/2019,137,140.940002,136.929993,138.059998,40557500
8/2/2019,138.089996,138.320007,135.259995,136.899994,30791600
8/5/2019,133.300003,133.929993,130.779999,132.210007,42749600
8/6/2019,133.800003,135.679993,133.210007,134.690002,32696700
8/7/2019,133.789993,135.649994,131.830002,135.279999,33414500
8/8/2019,136.600006,138.990005,135.929993,138.889999,27496500
8/9/2019,138.610001,139.380005,136.460007,137.710007,23466700
8/12/2019,137.070007,137.860001,135.240005,135.789993,20484300
8/13/2019,136.050003,138.800003,135,138.600006,25154600
8/14/2019,136.360001,136.919998,133.669998,133.979996,32527300
8/15/2019,134.389999,134.580002,132.25,133.679993,28074400
8/16/2019,134.880005,136.460007,134.720001,136.130005,24449100
8/19/2019,137.850006,138.550003,136.889999,138.410004,24355700
8/20/2019,138.210007,138.710007,137.240005,137.259995,21170800
8/21/2019,138.550003,139.490005,138,138.789993,14970300
8/22/2019,138.660004,139.199997,136.289993,137.779999,18697000
8/23/2019,137.190002,138.350006,132.800003,133.389999,38508600
8/26/2019,134.990005,135.559998,133.899994,135.449997,20312600
8/27/2019,136.389999,136.720001,134.660004,135.740005,23102100
8/28/2019,134.880005,135.759995,133.550003,135.559998,17393300
8/29/2019,137.25,138.440002,136.910004,138.119995,20168700
8/30/2019,139.149994,139.179993,136.270004,137.860001,23940100
9/3/2019,136.610001,137.199997,135.699997,136.039993,18869300
9/4/2019,137.300003,137.690002,136.479996,137.630005,17995900
9/5/2019,139.110001,140.380005,138.759995,140.050003,26101800
9/6/2019,140.029999,140.179993,138.199997,139.100006,20824500
9/9/2019,139.589996,139.75,136.460007,137.520004,25773900
9/10/2019,136.800003,136.889999,134.509995,136.080002,28903400
9/11/2019,135.910004,136.270004,135.089996,136.119995,24726100
9/12/2019,137.850006,138.419998,136.869995,137.520004,27010000
9/13/2019,137.779999,138.059998,136.570007,137.320007,23363100
9/16/2019,135.830002,136.699997,135.660004,136.330002,16731400
9/17/2019,136.960007,137.520004,136.429993,137.389999,17814200
9/18/2019,137.360001,138.669998,136.529999,138.520004,23982100
9/19/2019,140.300003,142.369995,140.070007,141.070007,35772100
9/20/2019,141.009995,141.649994,138.25,139.440002,39167300
9/23/2019,139.229996,139.630005,138.440002,139.139999,17139300
9/24/2019,140.360001,140.690002,136.880005,137.380005,29773200
9/25/2019,137.5,139.960007,136.029999,139.360001,21382000
9/26/2019,139.440002,140.179993,138.440002,139.539993,17456600
9/27/2019,140.149994,140.360001,136.649994,137.729996,22477700
9/30/2019,138.050003,139.220001,137.779999,139.029999,17280900
10/1/2019,139.660004,140.25,137,137.070007,21466600
10/2/2019,136.25,136.369995,133.580002,134.649994,30521700
10/3/2019,134.949997,136.75,133.220001,136.279999,24132900
10/4/2019,136.75,138.25,136.419998,138.119995,22897700
10/7/2019,137.139999,138.179993,137.020004,137.119995,15303700
10/8/2019,137.080002,137.759995,135.619995,135.669998,25550500
10/9/2019,137.460007,138.699997,136.970001,138.240005,19749900
10/10/2019,138.490005,139.669998,138.25,139.100006,17654600
10/11/2019,140.119995,141.029999,139.5,139.679993,25446000
10/14/2019,139.690002,140.289993,139.520004,139.550003,13304300
10/15/2019,140.059998,141.789993,139.809998,141.570007,19695700
10/16/2019,140.789993,140.990005,139.529999,140.410004,20751600
10/17/2019,140.949997,141.419998,139.020004,139.690002,21460600
10/18/2019,139.759995,140,136.559998,137.410004,32273500
10/21/2019,138.449997,138.5,137.009995,138.429993,20078200
10/22/2019,138.970001,140.009995,136.259995,136.369995,27431000
10/23/2019,136.880005,137.449997,135.610001,137.240005,29844600
10/24/2019,139.389999,140.419998,138.669998,139.940002,37029300
10/25/2019,139.339996,141.139999,139.199997,140.729996,25959700
10/28/2019,144.399994,145.669998,143.509995,144.190002,35280100
10/29/2019,144.080002,144.5,142.649994,142.830002,20589500
10/30/2019,143.520004,145,142.789993,144.610001,18496600
10/31/2019,144.899994,144.929993,142.990005,143.369995,24605100
11/1/2019,144.259995,144.419998,142.970001,143.720001,33128400
11/4/2019,144.830002,145,144.160004,144.550003,16912000
11/5/2019,144.970001,145.020004,143.910004,144.460007,18250200
11/6/2019,144.369995,144.520004,143.199997,144.059998,16575800
11/7/2019,143.839996,144.880005,143.770004,144.259995,17786700
11/8/2019,143.979996,145.990005,143.759995,145.960007,16732700
11/11/2019,145.339996,146.419998,144.729996,146.110001,14362600
11/12/2019,146.279999,147.570007,146.059998,147.070007,18641600
11/13/2019,146.740005,147.460007,146.279999,147.309998,16919200
11/14/2019,147.020004,148.410004,147,148.059998,19729800
11/15/2019,148.929993,149.990005,148.270004,149.970001,23485700
11/18/2019,150.070007,150.550003,148.979996,150.339996,21534000
11/19/2019,150.880005,151.330002,150.199997,150.389999,23935700
11/20/2019,150.309998,150.839996,148.460007,149.619995,25696800
11/21/2019,149.399994,149.800003,148.5,149.479996,18576100
11/22/2019,150.070007,150.300003,148.820007,149.589996,15901800
11/25/2019,150,151.350006,149.919998,151.229996,22420900
11/26/2019,151.360001,152.419998,151.320007,152.029999,24620100
11/27/2019,152.330002,152.5,151.520004,152.320007,15184400
11/29/2019,152.100006,152.300003,151.279999,151.380005,11977300
12/2/2019,151.809998,151.830002,148.320007,149.550003,27418400
12/3/2019,147.490005,149.429993,146.649994,149.309998,24066000
12/4/2019,150.139999,150.179993,149.199997,149.850006,17574700
12/5/2019,150.050003,150.320007,149.479996,149.929993,17869100
12/6/2019,150.990005,151.869995,150.270004,151.75,16403500
12/9/2019,151.070007,152.210007,150.910004,151.360001,16687400
12/10/2019,151.289993,151.889999,150.759995,151.130005,16476100
12/11/2019,151.539993,151.869995,150.330002,151.699997,18856600
12/12/2019,151.649994,153.440002,151.020004,153.240005,24612100
12/13/2019,153,154.889999,152.830002,154.529999,23845400
12/16/2019,155.110001,155.899994,154.820007,155.529999,24144200
12/17/2019,155.449997,155.710007,154.449997,154.690002,25425600
12/18/2019,154.300003,155.479996,154.179993,154.369995,24129200
12/19/2019,154,155.770004,153.75,155.710007,24958900
12/20/2019,157.350006,158.490005,156.289993,157.410004,53477500
12/23/2019,158.119995,158.119995,157.270004,157.410004,17718200
12/24/2019,157.479996,157.710007,157.119995,157.380005,8989200
12/26/2019,157.559998,158.729996,157.399994,158.669998,14520600
12/27/2019,159.449997,159.550003,158.220001,158.960007,18412800
12/30/2019,158.990005,159.020004,156.729996,157.589996,16348400
12/31/2019,156.770004,157.770004,156.449997,157.699997,18369400
1/2/2020,158.779999,160.729996,158.330002,160.619995,22622100
1/3/2020,158.320007,159.949997,158.059998,158.619995,21116200
1/6/2020,157.080002,159.100006,156.509995,159.029999,20813700
1/7/2020,159.320007,159.669998,157.320007,157.580002,21634100
1/8/2020,158.929993,160.800003,157.949997,160.089996,27746500
1/9/2020,161.839996,162.220001,161.029999,162.089996,21385000
1/10/2020,162.820007,163.220001,161.179993,161.339996,20725900
1/13/2020,161.759995,163.309998,161.259995,163.279999,21626500
1/14/2020,163.389999,163.600006,161.720001,162.130005,23477400
1/15/2020,162.619995,163.940002,162.570007,163.179993,21417900
1/16/2020,164.350006,166.240005,164.029999,166.169998,23865400
1/17/2020,167.419998,167.470001,165.429993,167.100006,34371700
1/21/2020,166.679993,168.190002,166.429993,166.5,29517200
1/22/2020,167.399994,167.490005,165.679993,165.699997,24138800
1/23/2020,166.190002,166.800003,165.270004,166.720001,19680800
1/24/2020,167.509995,167.529999,164.449997,165.039993,24918100
1/27/2020,161.149994,163.380005,160.199997,162.279999,32078100
1/28/2020,163.779999,165.759995,163.070007,165.460007,24899900
1/29/2020,167.839996,168.75,165.690002,168.039993,34754500
1/30/2020,174.050003,174.050003,170.789993,172.779999,51597500
1/31/2020,172.210007,172.399994,169.580002,170.229996,36142700
2/3/2020,170.429993,174.5,170.399994,174.380005,30107000
2/4/2020,177.139999,180.639999,176.309998,180.119995,36433300
2/5/2020,184.029999,184.199997,178.410004,179.899994,39186300
2/6/2020,180.970001,183.820007,180.059998,183.630005,27751400
2/7/2020,182.850006,185.630005,182.479996,183.889999,33529100
2/10/2020,183.580002,188.839996,183.25,188.699997,35844300
2/11/2020,190.649994,190.699997,183.5,184.440002,53159900
2/12/2020,185.580002,185.850006,181.850006,184.710007,47062900
2/13/2020,183.080002,186.229996,182.869995,183.710007,35295800
2/14/2020,183.25,185.410004,182.649994,185.350006,23149500
2/18/2020,185.610001,187.699997,185.5,187.229996,27792200
2/19/2020,188.059998,188.179993,186.470001,187.279999,29997500
2/20/2020,186.949997,187.25,181.100006,184.419998,36862400
2/21/2020,183.169998,183.5,177.25,178.589996,48572600
2/24/2020,167.770004,174.550003,163.229996,170.889999,68311100
2/25/2020,174.199997,174.839996,167.649994,168.070007,68073300
2/26/2020,169.710007,173.259995,168.210007,170.169998,56206100
2/27/2020,163.320007,167.029999,157.979996,158.179993,93174900
2/28/2020,152.410004,163.710007,152,162.009995,97012700
3/2/2020,165.309998,172.919998,162.309998,172.789993,71030800
3/3/2020,173.800003,175,162.259995,164.509995,71677000
3/4/2020,168.490005,170.699997,165.619995,170.550003,49814400
3/5/2020,166.050003,170.869995,165.690002,166.270004,47817300
3/6/2020,162.610001,163.110001,156,161.570007,72821100
3/9/2020,151,157.75,150,150.619995,70419300
3/10/2020,158.160004,161.029999,152.580002,160.919998,65354400
3/11/2020,157.130005,157.699997,151.149994,153.630005,56371600
3/12/2020,145.300003,153.470001,138.580002,139.059998,93226400
3/13/2020,147.5,161.910004,140.729996,158.830002,92727400
3/16/2020,140,149.350006,135,135.419998,87905900
3/17/2020,140,147.5,135,146.570007,81059800
3/18/2020,138,146,135.020004,140.399994,81593200
3/19/2020,142.770004,150.149994,139,142.710007,85922700
3/20/2020,146,147.100006,135.860001,137.350006,84866200
3/23/2020,137.009995,140.570007,132.520004,135.979996,78975200
3/24/2020,143.75,149.600006,141.270004,148.339996,82516700
3/25/2020,148.910004,154.330002,144.440002,146.919998,75638200
3/26/2020,148.399994,156.660004,148.369995,156.110001,64568100
3/27/2020,151.75,154.889999,149.199997,149.699997,57042300
3/30/2020,152.440002,160.600006,150.009995,160.229996,63420300
3/31/2020,159.399994,164.779999,156.559998,157.710007,77927200
4/1/2020,153,157.75,150.820007,152.110001,57969900
4/2/2020,151.860001,155.479996,150.360001,155.259995,49630700
4/3/2020,155.100006,157.380005,152.190002,153.830002,41243300
4/6/2020,160.320007,166.5,157.580002,165.270004,67111700
4/7/2020,169.589996,170,163.259995,163.490005,62769000
4/8/2020,165.669998,166.669998,163.5,165.130005,48318200
4/9/2020,166.360001,167.369995,163.330002,165.139999,51385100
4/13/2020,164.350006,165.570007,162.300003,165.509995,41905300
4/14/2020,169,173.75,168,173.699997,52874300
4/15/2020,171.199997,173.570007,169.240005,171.880005,40940800
4/16/2020,174.300003,177.279999,172.899994,177.039993,50479600
4/17/2020,179.5,180,175.869995,178.600006,52765600
4/20/2020,176.630005,178.75,174.990005,175.059998,36669600
4/21/2020,173.5,173.669998,166.110001,167.820007,56203700
4/22/2020,171.389999,174,170.820007,173.520004,34620200
4/23/2020,174.110001,175.059998,170.910004,171.419998,32790800
4/24/2020,172.059998,174.559998,170.710007,174.550003,34277600
4/27/2020,176.589996,176.899994,173.300003,174.050003,33194400
4/28/2020,175.589996,175.669998,169.389999,169.809998,34392700
4/29/2020,173.220001,177.679993,171.880005,177.429993,51286600
4/30/2020,180,180.399994,176.229996,179.210007,53875900
5/1/2020,175.800003,178.639999,174.009995,174.570007,39370500
5/4/2020,174.490005,179,173.800003,178.839996,30372900
5/5/2020,180.619995,183.649994,179.899994,180.759995,36839200
5/6/2020,182.080002,184.199997,181.630005,182.539993,32139300
5/7/2020,184.169998,184.550003,182.580002,183.600006,28316000
5/8/2020,184.979996,185,183.360001,184.679993,30877800
5/11/2020,183.149994,187.509995,182.850006,186.740005,30892700
5/12/2020,186.800003,187.039993,182.300003,182.509995,32038200
5/13/2020,182.550003,184.050003,176.539993,179.75,44711500
5/14/2020,177.539993,180.690002,175.679993,180.529999,41873900
5/15/2020,179.059998,187.059998,177,183.160004,46610400
5/18/2020,185.75,186.199997,183.960007,184.910004,35264500
5/19/2020,185.029999,186.600006,183.490005,183.630005,26799100
5/20/2020,184.809998,185.850006,183.940002,185.660004,31261300
5/21/2020,185.399994,186.669998,183.289993,183.429993,29119500
5/22/2020,183.190002,184.460007,182.539993,183.509995,20826900
5/26/2020,186.339996,186.5,181.100006,181.570007,36073600
5/27/2020,180.199997,181.990005,176.600006,181.809998,39517100
5/28/2020,180.740005,184.149994,180.380005,181.399994,33810200
5/29/2020,182.729996,184.270004,180.410004,183.25,42130400
6/1/2020,182.539993,183,181.460007,182.830002,22622400
6/2/2020,184.25,185,181.350006,184.910004,30794600
6/3/2020,184.820007,185.940002,183.580002,185.360001,27311000
6/4/2020,184.300003,185.839996,182.300003,182.919998,28761800
6/5/2020,182.619995,187.729996,182.009995,187.199997,39893600
6/8/2020,185.940002,188.550003,184.440002,188.360001,33211600
6/9/2020,188,190.699997,187.259995,189.800003,29783900
6/10/2020,191.130005,198.520004,191.009995,196.839996,43872300
6/11/2020,193.130005,195.759995,186.070007,186.270004,52854700
6/12/2020,190.539993,191.720001,185.179993,187.740005,43373600
6/15/2020,184.580002,190.820007,184.009995,188.940002,32770200
6/16/2020,192.889999,195.580002,191.460007,193.570007,42556700
6/17/2020,195.029999,196.320007,193.690002,194.240005,25687800
6/18/2020,194,196.490005,194,196.320007,23061600
6/19/2020,198.589996,199.289993,194.369995,195.149994,44441100
6/22/2020,195.789993,200.759995,195.229996,200.570007,32818900
6/23/2020,202.089996,203.949997,201.429993,201.910004,30917400
6/24/2020,201.600006,203.25,196.559998,197.839996,36740600
6/25/2020,197.800003,200.610001,195.470001,200.339996,27803900
6/26/2020,199.729996,199.889999,194.880005,196.330002,54675800
6/29/2020,195.779999,198.529999,193.550003,198.440002,26701600
6/30/2020,197.880005,204.399994,197.740005,203.509995,34310300
7/1/2020,203.139999,206.350006,201.770004,204.699997,32061200
7/2/2020,205.679993,208.020004,205,206.259995,29315800
7/6/2020,208.830002,211.130005,208.089996,210.699997,31897600
7/7/2020,210.449997,214.669998,207.990005,208.25,33600700
7/8/2020,210.070007,213.259995,208.690002,212.830002,33600000
7/9/2020,216.330002,216.380005,211.470001,214.320007,33121700
7/10/2020,213.619995,214.080002,211.080002,213.669998,26177600
7/13/2020,214.479996,215.800003,206.5,207.070007,38135600
7/14/2020,206.130005,208.850006,202.029999,208.350006,37591800
7/15/2020,209.559998,211.330002,205.029999,208.039993,32179400
7/16/2020,205.399994,205.699997,202.309998,203.919998,29940700
7/17/2020,204.470001,205.039993,201.389999,202.880005,31635300
7/20/2020,205,212.300003,203.009995,211.600006,36884800
7/21/2020,213.660004,213.940002,208.029999,208.75,37990400
7/22/2020,209.199997,212.300003,208.389999,211.75,49605700
7/23/2020,207.190002,210.919998,202.149994,202.539993,67457000
7/24/2020,200.419998,202.860001,197.509995,201.300003,39827000
7/27/2020,201.470001,203.970001,200.860001,203.850006,30160900
7/28/2020,203.610001,204.699997,201.740005,202.020004,23251400
7/29/2020,202.5,204.649994,202.009995,204.059998,19632600
7/30/2020,201,204.460007,199.570007,203.899994,25079600
7/31/2020,204.399994,205.100006,199.009995,205.009995,51044000
8/3/2020,211.520004,217.639999,210.440002,216.539993,78983000
8/4/2020,214.169998,214.770004,210.309998,213.289993,49280100
8/5/2020,214.899994,215,211.570007,212.940002,28806400
8/6/2020,212.339996,216.369995,211.550003,216.350006,32656800
8/7/2020,214.850006,215.699997,210.929993,212.479996,27820400
8/10/2020,211.669998,211.880005,206.350006,208.25,36716500
8/11/2020,207.160004,207.649994,203.139999,203.380005,36446500
8/12/2020,205.289993,210.279999,204.75,209.190002,28013100
8/13/2020,209.440002,211.350006,208.149994,208.699997,22588900
8/14/2020,208.759995,209.589996,207.509995,208.899994,17958900
8/17/2020,209.600006,211.190002,208.919998,210.279999,20184800
8/18/2020,210.529999,212.360001,209.210007,211.490005,21336200
8/19/2020,211.490005,212.100006,209.25,209.699997,27627600
8/20/2020,209.539993,215,208.910004,214.580002,26981500
8/21/2020,213.860001,216.25,212.850006,213.020004,36249300
8/24/2020,214.789993,215.520004,212.429993,213.690002,25460100
8/25/2020,213.100006,216.610001,213.100006,216.470001,23043700
8/26/2020,217.880005,222.089996,217.360001,221.149994,39600800
8/27/2020,222.889999,231.149994,219.399994,226.580002,57602200
8/28/2020,228.179993,230.639999,226.580002,228.910004,26292900
8/31/2020,227,228.699997,224.309998,225.529999,28774200
9/1/2020,225.509995,227.449997,224.429993,227.270004,25725500
9/2/2020,227.970001,232.860001,227.350006,231.649994,34080800
9/3/2020,229.270004,229.309998,214.960007,217.300003,58400300
9/4/2020,215.100006,218.360001,205.190002,214.25,59664100
9/8/2020,206.5,210.029999,202.199997,202.660004,52924300
9/9/2020,207.600006,214.839996,206.699997,211.289993,45679000
9/10/2020,213.399994,214.740005,204.110001,205.369995,35461500
9/11/2020,207.199997,208.630005,201.240005,204.029999,33620100
9/14/2020,204.240005,209.199997,204.029999,205.410004,30375800
9/15/2020,208.419998,209.779999,206.929993,208.779999,21823900
9/16/2020,210.619995,210.649994,204.639999,205.050003,26328100
9/17/2020,200.050003,204.330002,199.960007,202.910004,34011300
9/18/2020,202.800003,203.649994,196.25,200.389999,55225300
9/21/2020,197.190002,202.710007,196.380005,202.539993,39839700
9/22/2020,205.059998,208.100006,202.080002,207.419998,33517100
9/23/2020,207.899994,208.100006,200.029999,200.589996,30803800
9/24/2020,199.850006,205.570007,199.199997,203.190002,31202500
9/25/2020,203.550003,209.039993,202.539993,207.820007,29437300
9/28/2020,210.880005,212.570007,208.059998,209.440002,32004900
9/29/2020,209.350006,210.070007,206.809998,207.259995,24221900
9/30/2020,207.729996,211.979996,206.539993,210.330002,33829100
10/1/2020,213.490005,213.990005,211.320007,212.460007,27158400
10/2/2020,208,210.990005,205.539993,206.190002,33154800
10/5/2020,207.220001,210.410004,206.979996,210.380005,21331600
10/6/2020,208.820007,210.179993,204.820007,205.910004,28554300
10/7/2020,207.059998,210.110001,206.720001,209.830002,25681100
10/8/2020,210.509995,211.190002,208.320007,210.580002,19925800
10/9/2020,211.229996,215.860001,211.229996,215.809998,26458000
10/12/2020,218.789993,223.860001,216.809998,221.399994,40461400
10/13/2020,222.720001,225.210007,220.429993,222.860001,28950800
10/14/2020,223,224.220001,219.130005,220.860001,23421700
10/15/2020,217.100006,220.360001,216.009995,219.660004,22733100
10/16/2020,220.149994,222.289993,219.320007,219.660004,26057900
10/19/2020,220.419998,222.300003,213.720001,214.220001,27625800
10/20/2020,215.800003,217.369995,213.089996,214.649994,22753500
10/21/2020,213.119995,216.919998,213.119995,214.800003,22724900
10/22/2020,213.929993,216.059998,211.699997,214.889999,22351500
10/23/2020,215.029999,216.279999,213.160004,216.229996,18879600
10/26/2020,213.850006,216.339996,208.100006,210.080002,37111600
10/27/2020,211.589996,214.669998,210.330002,213.25,36700300
10/28/2020,207.669998,208.839996,202.100006,202.679993,51195600
10/29/2020,204.070007,207.360001,203.369995,204.720001,31432600
10/30/2020,203.5,204.289993,199.619995,202.470001,36953700
11/2/2020,204.289993,205.279999,200.119995,202.330002,30842200
11/3/2020,203.889999,208.119995,203.119995,206.429993,27512000
11/4/2020,214.020004,218.320007,212.419998,216.389999,42311800
11/5/2020,222.039993,224.119995,221.149994,223.289993,36080100
11/6/2020,222.259995,224.360001,218.029999,223.720001,25231900
11/9/2020,224.440002,228.119995,217.880005,218.389999,44395000
11/10/2020,214.5,216.5,209.720001,211.009995,44045100
11/11/2020,212.389999,218.039993,212.199997,216.550003,29440800
11/12/2020,217.210007,219.110001,214.460007,215.440002,21593900
11/13/2020,216.360001,217.419998,214.160004,216.509995,18621100
11/16/2020,214.869995,217.740005,214.520004,217.229996,24953300
11/17/2020,216.100006,217.679993,214.080002,214.460007,24154100
11/18/2020,213.649994,215.169998,210.929993,211.080002,28372800
11/19/2020,211.380005,213.029999,209.929993,212.419998,24792700
11/20/2020,212.199997,213.289993,210,210.389999,22843100
11/23/2020,210.949997,212.289993,208.160004,210.110001,25683500
11/24/2020,209.589996,214.25,208.860001,213.860001,33979700
11/25/2020,215.110001,215.289993,212.460007,213.869995,21012900
11/27/2020,214.850006,216.270004,214.039993,215.229996,14512200
11/30/2020,214.100006,214.759995,210.839996,214.070007,33064800
12/1/2020,214.509995,217.320007,213.350006,216.210007,30904500
12/2/2020,214.880005,215.470001,212.800003,215.369995,23724500
12/3/2020,214.610001,216.380005,213.649994,214.240005,25120900
12/4/2020,214.220001,215.380005,213.179993,214.360001,24666000
12/7/2020,214.369995,215.539993,212.990005,214.289993,24620000
12/8/2020,213.970001,216.949997,212.889999,216.009995,23284100
12/9/2020,215.160004,215.229996,211.210007,211.800003,32440600
12/10/2020,211.770004,213.080002,210.360001,210.520004,26733300
12/11/2020,210.050003,213.320007,209.110001,213.259995,30979400
12/14/2020,213.100006,216.210007,212.880005,214.199997,28798400
12/15/2020,215.169998,215.419998,212.240005,214.130005,27000600
12/16/2020,214.75,220.110001,214.720001,219.279999,35023300
12/17/2020,219.869995,220.889999,217.919998,219.419998,32515800
12/18/2020,218.589996,219.690002,216.020004,218.589996,63354900
12/21/2020,217.550003,224,217.279999,222.589996,37181900
12/22/2020,222.690002,225.630005,221.850006,223.940002,22612200
12/23/2020,223.110001,223.559998,220.800003,221.020004,18699600
12/24/2020,221.419998,223.610001,221.199997,222.75,10550600
12/28/2020,224.449997,226.029999,223.020004,224.960007,17933500
12/29/2020,226.309998,227.179993,223.580002,224.149994,17403200
12/30/2020,225.229996,225.630005,221.470001,221.679993,20272300
12/31/2020,221.699997,223,219.679993,222.419998,20942100
1/4/2021,222.529999,223,214.809998,217.690002,37130100
1/5/2021,217.259995,218.520004,215.699997,217.899994,23823000
1/6/2021,212.169998,216.490005,211.940002,212.25,35930700
1/7/2021,214.039993,219.339996,213.710007,218.289993,27694500
1/8/2021,218.679993,220.580002,217.029999,219.619995,22956200
1/11/2021,218.470001,218.910004,216.729996,217.490005,23031300
1/12/2021,216.5,217.100006,213.320007,214.929993,23249300
1/13/2021,214.020004,216.759995,213.929993,216.339996,20087100
1/14/2021,215.910004,217.460007,212.740005,213.020004,29480800
1/15/2021,213.520004,214.509995,212.029999,212.649994,31746500
1/19/2021,213.75,216.979996,212.630005,216.440002,30480900
1/20/2021,217.699997,225.789993,217.289993,224.339996,37777300
1/21/2021,224.699997,226.300003,222.419998,224.970001,30709400
1/22/2021,227.080002,230.070007,225.800003,225.949997,30172700
1/25/2021,229.119995,229.779999,224.220001,229.529999,33152100
1/26/2021,231.860001,234.179993,230.080002,232.330002,49169600
1/27/2021,238,240.440002,230.139999,232.899994,69870600
1/28/2021,235.610001,242.639999,235.089996,238.929993,49111200
1/29/2021,235.990005,238.020004,231.350006,231.960007,42503100
2/1/2021,235.059998,242.5,232.429993,239.649994,33314200
2/2/2021,241.300003,242.309998,238.690002,239.509995,25916300
2/3/2021,239.570007,245.089996,239.259995,243,27158100
2/4/2021,242.660004,243.240005,240.369995,242.009995,25296100
2/5/2021,242.229996,243.279999,240.419998,242.199997,18054800
2/8/2021,243.149994,243.679993,240.809998,242.470001,22211900
2/9/2021,241.869995,244.759995,241.380005,243.770004,23565000
2/10/2021,245,245.919998,240.889999,242.820007,22186700
2/11/2021,244.779999,245.149994,242.149994,244.490005,15751100
2/12/2021,243.929993,245.300003,242.729996,244.990005,16561100
2/16/2021,245.029999,246.130005,242.919998,243.699997,26728500
2/17/2021,241.320007,244.309998,240.940002,244.199997,21653500
2/18/2021,241.800003,243.929993,240.860001,243.789993,16925600
2/19/2021,243.75,243.860001,240.179993,240.970001,25262600
2/22/2021,237.419998,237.929993,232.399994,234.509995,36446900
2/23/2021,230.330002,234.830002,228.729996,233.270004,30228700
2/24/2021,230.009995,235.199997,229,234.550003,26339700
2/25/2021,232.080002,234.589996,227.880005,228.990005,39542200
2/26/2021,231.529999,235.369995,229.539993,232.380005,37819200
3/1/2021,235.899994,237.470001,233.149994,236.940002,25324000
3/2/2021,237.009995,237.300003,233.449997,233.869995,22812500
3/3/2021,232.160004,233.580002,227.259995,227.559998,34029500
3/4/2021,226.740005,232.490005,224.259995,226.729996,44727800
3/5/2021,229.520004,233.270004,226.460007,231.600006,41872800
3/8/2021,231.369995,233.369995,227.130005,227.389999,35267400
3/9/2021,232.880005,235.380005,231.669998,233.779999,33080500
3/10/2021,237,237,232.039993,232.419998,29746800
3/11/2021,234.960007,239.169998,234.309998,237.130005,29907600
3/12/2021,234.009995,235.820007,233.229996,235.75,22653700
3/15/2021,234.960007,235.190002,231.809998,234.809998,26034900
3/16/2021,236.279999,240.059998,235.940002,237.710007,28092200
3/17/2021,236.149994,238.550003,233.229996,237.039993,29562100
3/18/2021,232.559998,234.190002,230.330002,230.720001,34833000
3/19/2021,231.020004,232.470001,229.350006,230.350006,46430700
3/22/2021,230.270004,236.899994,230.139999,235.990005,30127000
3/23/2021,237.490005,241.050003,237.070007,237.580002,31638400
3/24/2021,237.850006,238,235.320007,235.460007,25620100
3/25/2021,235.300003,236.940002,231.570007,232.339996,34061900
3/26/2021,231.550003,236.710007,231.550003,236.479996,25479900
3/29/2021,236.589996,236.800003,231.880005,235.240005,25227500
3/30/2021,233.529999,233.850006,231.100006,231.850006,24792000
3/31/2021,232.910004,239.100006,232.389999,235.770004,43623500
4/1/2021,238.470001,242.839996,238.050003,242.350006,30338000
4/5/2021,242.759995,249.960007,242.699997,249.070007,36910600
4/6/2021,247.610001,249.399994,246.880005,247.860001,22931900
4/7/2021,247.809998,250.929993,247.190002,249.899994,22719800
4/8/2021,252.770004,254.139999,252,253.25,23625200
4/9/2021,252.869995,255.990005,252.440002,255.850006,24326800
4/12/2021,254.710007,257.670013,254.619995,255.910004,27148700
4/13/2021,257.26001,259.190002,256.829987,258.48999,23837500
4/14/2021,257.480011,258.829987,255.160004,255.589996,23070900
4/15/2021,257.929993,259.929993,257.730011,259.5,25627500
4/16/2021,259.470001,261,257.600006,260.73999,24878600
4/19/2021,260.190002,261.480011,257.820007,258.73999,23209300
4/20/2021,257.820007,260.200012,256.839996,258.26001,19722900
4/21/2021,258.940002,260.679993,257.25,260.579987,24030400
4/22/2021,260.209991,261.779999,255.639999,257.170013,25606200
4/23/2021,257.880005,261.51001,257.269989,261.149994,21462600
4/26/2021,261.660004,262.440002,260.170013,261.549988,19763300
4/27/2021,261.579987,263.190002,260.119995,261.970001,31014200
4/28/2021,256.079987,256.540009,252.949997,254.559998,46903100
4/29/2021,255.460007,256.100006,249,252.509995,40589000
4/30/2021,249.740005,253.080002,249.600006,252.179993,30945100
5/3/2021,253.399994,254.350006,251.119995,251.860001,19626600
5/4/2021,250.970001,251.210007,245.759995,247.789993,32756100
5/5/2021,249.059998,249.5,245.820007,246.470001,21901300
5/6/2021,246.449997,249.860001,244.690002,249.729996,26491100
5/7/2021,252.149994,254.300003,251.169998,252.460007,27032900
5/10/2021,250.869995,251.729996,247.119995,247.179993,29299900
5/11/2021,244.550003,246.600006,242.570007,246.229996,33641600
5/12/2021,242.169998,244.380005,238.070007,239,36684400
5/13/2021,241.800003,245.600006,241.419998,243.029999,29624300
5/14/2021,245.580002,249.179993,245.490005,248.149994,23901100
5/17/2021,246.550003,246.589996,243.520004,245.179993,24970200
5/18/2021,246.270004,246.410004,242.899994,243.080002,20168000
5/19/2021,239.309998,243.229996,238.600006,243.119995,25739800
5/20/2021,243.960007,247.949997,243.860001,246.479996,21800700
5/21/2021,247.570007,248.330002,244.740005,245.169998,21863100
5/24/2021,247.789993,251.160004,247.509995,250.779999,21411500
5/25/2021,251.770004,252.75,250.820007,251.720001,17704300
5/26/2021,251.429993,252.940002,250.75,251.490005,17771600
5/27/2021,251.169998,251.479996,249.25,249.309998,24426200
5/28/2021,251,252.080002,249.559998,249.679993,18270200
6/1/2021,251.229996,251.289993,246.960007,247.399994,23213300
6/2/2021,248.130005,249.270004,245.839996,247.300003,19406700
6/3/2021,245.220001,246.339996,243,245.710007,25307700
6/4/2021,247.759995,251.649994,247.509995,250.789993,25281100
6/7/2021,249.979996,254.089996,249.809998,253.809998,23079200
6/8/2021,255.160004,256.01001,252.509995,252.570007,22455000
6/9/2021,253.809998,255.529999,253.210007,253.589996,17937600
6/10/2021,254.289993,257.459991,253.669998,257.23999,24563600
6/11/2021,257.98999,258.48999,256.609985,257.890015,18999700
6/14/2021,257.899994,259.950012,256.799988,259.890015,19150500
6/15/2021,259.769989,259.98999,257.679993,258.359985,18038900
6/16/2021,259.399994,260.579987,254.419998,257.380005,27220000
6/17/2021,256.070007,261.75,256.01001,260.899994,27565500
6/18/2021,259.630005,262.299988,258.75,259.429993,37202200
6/21/2021,259.820007,263.519989,257.920013,262.630005,26696100
6/22/2021,262.720001,265.790009,262.399994,265.51001,24694100
6/23/2021,265.98999,266.829987,264.429993,265.269989,19518700
6/24/2021,266.160004,267.850006,265.470001,266.690002,21446900
6/25/2021,266.230011,267.25,264.76001,265.019989,25611100
6/28/2021,266.190002,268.899994,265.910004,268.720001,19590000
6/29/2021,268.869995,271.649994,267.980011,271.399994,19937800
6/30/2021,270.690002,271.359985,269.600006,270.899994,21656500
7/1/2021,269.609985,271.839996,269.600006,271.600006,16725300
7/2/2021,272.820007,278,272.5,277.649994,26458000
7/6/2021,278.029999,279.369995,274.299988,277.660004,31565600
7/7/2021,279.399994,280.690002,277.149994,279.929993,23260000
7/8/2021,276.899994,278.730011,274.869995,277.420013,24618600
7/9/2021,275.720001,278.049988,275.320007,277.940002,23916700
7/12/2021,279.160004,279.769989,276.579987,277.320007,18931700
7/13/2021,277.519989,282.850006,277.390015,280.980011,26120100
7/14/2021,282.350006,283.660004,280.549988,282.51001,23113700
7/15/2021,282,282.51001,279.829987,281.029999,22604200
7/16/2021,282.070007,284.100006,279.459991,280.75,26186800
7/19/2021,278.929993,280.369995,274.450012,277.01001,32935600
7/20/2021,278.029999,280.970001,276.26001,279.320007,26259700
7/21/2021,278.899994,281.519989,277.290009,281.399994,24364300
7/22/2021,283.839996,286.420013,283.420013,286.140015,23384100
7/23/2021,287.369995,289.98999,286.5,289.670013,22768100
7/26/2021,289,289.690002,286.640015,289.049988,23176100
7/27/2021,289.429993,289.579987,282.950012,286.540009,33604100
7/28/2021,288.98999,290.149994,283.829987,286.220001,33566900
7/29/2021,286.23999,288.619995,286.079987,286.5,18168300
7/30/2021,285.170013,286.660004,283.910004,284.910004,20944800
8/2/2021,286.359985,286.769989,283.73999,284.820007,16267400
8/3/2021,285.420013,287.230011,284,287.119995,17879000
8/4/2021,286.220001,287.589996,284.649994,286.51001,16191300
8/5/2021,286.880005,289.630005,286.100006,289.519989,13900200
8/6/2021,288.51001,289.5,287.619995,289.459991,16589300
8/9/2021,289.75,291.549988,287.809998,288.329987,16117600
8/10/2021,288.799988,289.25,285.200012,286.440002,18616600
8/11/2021,287.209991,288.660004,285.859985,286.950012,13955900
8/12/2021,286.630005,289.970001,286.339996,289.809998,14561300
8/13/2021,289.480011,292.899994,289.299988,292.850006,18249000
8/16/2021,293.190002,294.820007,290.019989,294.600006,22507600
8/17/2021,292.390015,293.429993,291.079987,293.079987,20075300
8/18/2021,292.040009,294.820007,290.269989,290.730011,21813000
8/19/2021,288.690002,297.470001,288.640015,296.769989,29850500
8/20/2021,299.720001,305.839996,298.059998,304.359985,40817600
8/23/2021,303.25,305.399994,301.850006,304.649994,22830200
8/24/2021,305.019989,305.649994,302,302.619995,18175800
8/25/2021,304.299988,304.589996,300.420013,302.01001,20006100
8/26/2021,300.98999,302.429993,298.950012,299.089996,17666100
8/27/2021,298.98999,300.869995,296.829987,299.720001,22605700
8/30/2021,301.119995,304.220001,301.059998,303.589996,16348100
8/31/2021,304.420013,304.5,301.5,301.880005,26285300
9/1/2021,302.869995,305.190002,301.48999,301.829987,18983800
9/2/2021,302.200012,303.359985,300.179993,301.149994,16285600
9/3/2021,300.98999,302.600006,300.26001,301.140015,14747900
9/7/2021,301.01001,301.089996,298.200012,300.179993,17180400
9/8/2021,299.779999,300.609985,297.470001,300.209991,15046800
9/9/2021,300.820007,302.140015,297,297.25,19927000
9/10/2021,298.420013,299.920013,295.380005,295.709991,19633400
9/13/2021,297.549988,298.540009,294.079987,296.98999,23652900
9/14/2021,299.559998,301.390015,298.100006,299.790009,21853400
9/15/2021,303.26001,305.320007,301.820007,304.820007,28356300
9/16/2021,303.76001,305.309998,300.76001,305.220001,19550800
9/17/2021,304.170013,304.5,299.529999,299.869995,41372500
9/20/2021,296.329987,298.720001,289.519989,294.299988,38278700
9/21/2021,295.690002,297.540009,294.070007,294.799988,22364100
9/22/2021,296.730011,300.220001,294.51001,298.579987,26626300
9/23/2021,298.850006,300.899994,297.529999,299.559998,18604600
9/24/2021,298.230011,299.799988,296.929993,299.350006,14999000
9/27/2021,296.140015,296.470001,292.940002,294.170013,23571700
9/28/2021,289.799988,290.779999,282.75,283.519989,43186200
9/29/2021,285.100006,286.769989,283.01001,284,26353700
9/30/2021,285.709991,287.829987,281.619995,281.920013,32343600
10/1/2021,282.119995,289.980011,281.290009,289.100006,30086300
10/4/2021,287.399994,287.75,280.25,283.109985,31350700
10/5/2021,284.049988,290.399994,284.049988,288.76001,24993000
10/6/2021,285.779999,293.630005,285.51001,293.109985,28002600
10/7/2021,295.179993,296.640015,293.920013,294.850006,20430500
10/8/2021,296.220001,296.640015,293.76001,294.850006,17685700
10/11/2021,292.920013,297.970001,292.75,294.230011,19298600
10/12/2021,295.339996,295.440002,292.350006,292.880005,17974100
10/13/2021,294.910004,297.279999,293.48999,296.309998,23416300
10/14/2021,299.209991,303.269989,297.829987,302.75,27262900
10/15/2021,302.339996,304.450012,300.519989,304.209991,25384800
10/18/2021,303.570007,308.209991,302.690002,307.290009,22729300
10/19/2021,308.350006,309.299988,307.220001,308.230011,17682100
10/20/2021,309.209991,309.700012,306.109985,307.410004,16537100
10/21/2021,307.170013,311.019989,306.359985,310.76001,16918100
10/22/2021,310.399994,311.089996,307.799988,309.160004,17449300
10/25/2021,309.359985,309.399994,306.459991,308.130005,17554500
10/26/2021,311,312.399994,308.600006,310.109985,28107300
10/27/2021,316,326.100006,316,323.170013,52588700
10/28/2021,324.329987,324.869995,321.359985,324.350006,26297900
10/29/2021,324.130005,332,323.899994,331.619995,34766000
11/1/2021,331.359985,331.48999,326.369995,329.369995,27073200
11/2/2021,330.309998,333.450012,330,333.130005,26487100
11/3/2021,333.899994,334.899994,330.649994,334,21500100
11/4/2021,332.890015,336.540009,329.51001,336.440002,23992200
11/5/2021,338.51001,338.790009,334.420013,336.059998,22570100
11/8/2021,337.299988,337.649994,334.440002,336.98999,20897000
11/9/2021,337.109985,338.720001,334.529999,335.950012,21307400
11/10/2021,334.570007,334.630005,329.920013,330.799988,25500900
11/11/2021,331.25,333.769989,330.51001,332.429993,16849800
11/12/2021,333.920013,337.230011,333.790009,336.720001,23831000
11/15/2021,337.540009,337.880005,334.029999,336.070007,16723000
11/16/2021,335.679993,340.670013,335.51001,339.51001,20886800
11/17/2021,338.940002,342.190002,338,339.119995,19053400
11/18/2021,338.179993,342.450012,337.119995,341.269989,22463500
11/19/2021,342.640015,345.100006,342.200012,343.109985,21963400
11/22/2021,344.619995,349.670013,339.549988,339.829987,31031100
11/23/2021,337.049988,339.450012,333.559998,337.679993,30427600
11/24/2021,336.279999,338.160004,333.910004,337.910004,21661300
11/26/2021,334.350006,337.929993,328.119995,329.679993,24217200
11/29/2021,334.940002,339.029999,334.73999,336.630005,28563500
11/30/2021,335.320007,337.779999,328.98999,330.589996,42885600
12/1/2021,335.130005,339.279999,329.390015,330.079987,33337600
12/2/2021,330.299988,333.48999,327.799988,329.48999,30766000
12/3/2021,331.98999,332.700012,318.029999,323.01001,41779300
12/6/2021,323.950012,327.450012,319.230011,326.190002,30032600
12/7/2021,331.640015,335.799988,330.100006,334.920013,31021900
12/8/2021,335.309998,335.5,330.799988,334.970001,24761000
12/9/2021,334.410004,336.48999,332.119995,333.100006,22214200
12/10/2021,334.980011,343,334.790009,342.540009,38095700
12/13/2021,340.679993,343.790009,339.079987,339.399994,28899400
12/14/2021,333.220001,334.640015,324.109985,328.339996,44438700
12/15/2021,328.609985,335.190002,324.5,334.649994,35381100
12/16/2021,335.709991,336.76001,323.019989,324.899994,35034800
12/17/2021,320.880005,324.920013,317.25,323.799988,47750300
12/20/2021,320.049988,322.799988,317.570007,319.910004,28326500
12/21/2021,323.290009,327.730011,319.799988,327.290009,24740600
12/22/2021,328.299988,333.609985,325.75,333.200012,24831500
12/23/2021,332.75,336.390015,332.730011,334.690002,19617800
12/27/2021,335.459991,342.480011,335.429993,342.450012,19947000
12/28/2021,343.149994,343.809998,340.320007,341.25,15661500
12/29/2021,341.299988,344.299988,339.679993,341.950012,15042000
12/30/2021,341.910004,343.130005,338.820007,339.320007,15994500
12/31/2021,338.51001,339.359985,335.850006,336.320007,18000800
1/3/2022,335.350006,338,329.779999,334.75,28865100
1/4/2022,334.829987,335.200012,326.119995,329.01001,32674300
1/5/2022,325.859985,326.070007,315.980011,316.380005,40054300
1/6/2022,313.149994,318.700012,311.48999,313.880005,39646100
1/7/2022,314.149994,316.5,310.089996,314.040009,32720000
1/10/2022,309.48999,314.720001,304.690002,314.269989,44289500
1/11/2022,313.380005,316.609985,309.890015,314.980011,29386800
1/12/2022,319.670013,323.410004,317.079987,318.269989,34372200
1/13/2022,320.470001,320.880005,304,304.799988,45366000
1/14/2022,304.25,310.820007,303.75,310.200012,39846400
1/18/2022,304.070007,309.799988,301.73999,302.649994,42333200
1/19/2022,306.290009,313.910004,302.700012,303.329987,45933900
1/20/2022,309.070007,311.649994,301.140015,301.600006,35380700
1/21/2022,302.690002,304.109985,295.609985,296.029999,57984400
1/24/2022,292.200012,297.109985,276.049988,296.369995,85731500
1/25/2022,291.519989,294.98999,285.170013,288.48999,72848600
1/26/2022,307.98999,308.5,293.029999,296.709991,90428900
1/27/2022,302.660004,307.299988,297.929993,299.839996,53481300
1/28/2022,300.230011,308.480011,294.450012,308.26001,49743700
1/31/2022,308.950012,312.380005,306.369995,310.980011,46444500
2/1/2022,310.410004,310.630005,305.130005,308.76001,40950400
2/2/2022,309.630005,315.119995,308.880005,313.459991,36636000
2/3/2022,309.48999,311.230011,299.959991,301.25,43730000
2/4/2022,300.209991,308.799988,299.970001,305.940002,35096500
2/7/2022,306.170013,307.839996,299.899994,300.950012,28533300
2/8/2022,301.25,305.559998,299.950012,304.559998,32421200
2/9/2022,309.869995,311.929993,307.390015,311.209991,31284700
2/10/2022,304.040009,309.119995,300.700012,302.380005,45386200
2/11/2022,303.190002,304.290009,294.220001,295.040009,39175600
2/14/2022,293.769989,296.76001,291.350006,295,36359500
2/15/2022,300.01001,300.799988,297.019989,300.470001,27058300
2/16/2022,298.369995,300.869995,293.679993,299.5,29982100
2/17/2022,296.359985,296.799988,290,290.730011,32461600
2/18/2022,293.049988,293.859985,286.309998,287.929993,34264000
2/22/2022,285,291.540009,284.5,287.720001,41736100
2/23/2022,290.179993,291.700012,280.100006,280.269989,37811200
2/24/2022,272.51001,295.160004,271.519989,294.589996,56989700
2/25/2022,295.140015,297.630005,291.649994,297.309998,32546700
2/28/2022,294.309998,299.140015,293,298.790009,34627500
3/1/2022,296.399994,299.970001,292.149994,294.950012,31217800
3/2/2022,295.359985,301.470001,293.700012,300.190002,31873000
3/3/2022,302.890015,303.130005,294.049988,295.920013,27314500
3/4/2022,294.290009,295.660004,287.170013,289.859985,32356500
3/7/2022,288.529999,289.690002,278.529999,278.910004,43157200
3/8/2022,277.799988,283.959991,270,275.850006,48159500
3/9/2022,283.440002,289.600006,280.779999,288.5,35204500
3/10/2022,283.019989,286.600006,280.579987,285.589996,30628000
3/11/2022,287.959991,289.51001,279.429993,280.070007,27209300
3/14/2022,280.339996,285.399994,275.820007,276.440002,30660700
3/15/2022,280.350006,287.820007,278.730011,287.149994,34245100
3/16/2022,289.109985,294.570007,283.200012,294.390015,37826300
3/17/2022,293.290009,295.609985,289.369995,295.220001,30816600
3/18/2022,295.369995,301,292.730011,300.429993,43390600
3/21/2022,298.890015,300.140015,294.899994,299.160004,28351200
3/22/2022,299.799988,305,298.769989,304.059998,27599700
3/23/2022,300.51001,303.230011,297.720001,299.48999,25715400
3/24/2022,299.140015,304.200012,298.320007,304.100006,24484500
3/25/2022,305.230011,305.5,299.290009,303.679993,22566500
3/28/2022,304.329987,310.799988,304.329987,310.700012,29578200
3/29/2022,313.910004,315.820007,309.049988,315.410004,30393400
3/30/2022,313.76001,315.950012,311.579987,313.859985,28163600
3/31/2022,313.899994,315.140015,307.890015,308.309998,33422100
4/1/2022,309.369995,310.130005,305.540009,309.420013,27110500
4/4/2022,310.089996,315.109985,309.709991,314.970001,24289600
4/5/2022,313.269989,314.869995,309.869995,310.880005,23156700
4/6/2022,305.190002,307,296.709991,299.5,40110400
4/7/2022,296.660004,303.649994,296.350006,301.369995,31411200
4/8/2022,300.440002,301.119995,296.279999,296.970001,24361900
4/11/2022,291.790009,292.609985,285,285.26001,34569300
4/12/2022,289.23999,290.73999,280.48999,282.059998,30966700
4/13/2022,282.730011,288.579987,281.299988,287.619995,21907200
4/14/2022,288.089996,288.309998,279.320007,279.829987,28221600
4/18/2022,278.910004,282.459991,278.339996,280.519989,20778000
4/19/2022,279.380005,286.170013,278.410004,285.299988,22297700
4/20/2022,289.399994,289.700012,285.369995,286.359985,22906700
4/21/2022,288.579987,293.299988,280.059998,280.809998,29454600
4/22/2022,281.679993,283.200012,273.380005,274.029999,29405800
4/25/2022,273.290009,281.109985,270.769989,280.720001,35678900
4/26/2022,277.5,278.359985,270,270.220001,46518400
4/27/2022,282.100006,290.970001,279.160004,283.220001,63477700
4/28/2022,285.190002,290.980011,281.459991,289.630005,33646600
4/29/2022,288.609985,289.880005,276.5,277.519989,37073900
5/2/2022,277.709991,284.940002,276.220001,284.470001,35151100
5/3/2022,283.959991,284.130005,280.149994,281.779999,25978600
5/4/2022,282.589996,290.880005,276.730011,289.980011,33599300
5/5/2022,285.540009,286.350006,274.339996,277.350006,43260400
5/6/2022,274.809998,279.25,271.269989,274.730011,37780300
5/9/2022,270.059998,272.359985,263.320007,264.579987,47726000
5/10/2022,271.690002,273.75,265.070007,269.5,39336400
5/11/2022,265.679993,271.359985,259.299988,260.549988,48975900
5/12/2022,257.690002,259.880005,250.020004,255.350006,51033800
5/13/2022,257.350006,263.040009,255.350006,261.119995,34925100
5/16/2022,259.959991,265.820007,255.779999,261.5,32550900
5/17/2022,266.109985,268.329987,262.459991,266.820007,28828800
5/18/2022,263,263.600006,252.770004,254.080002,31356000
5/19/2022,253.899994,257.670013,251.880005,253.139999,32692300
5/20/2022,257.23999,258.540009,246.440002,252.559998,39199300
5/23/2022,255.490005,261.5,253.429993,260.649994,33175400
5/24/2022,257.890015,261.329987,253.5,259.619995,29043900
5/25/2022,258.140015,264.579987,257.130005,262.519989,28547900
5/26/2022,262.269989,267.109985,261.429993,265.899994,25002100
5/27/2022,268.480011,273.339996,267.559998,273.23999,26910800
5/31/2022,272.529999,274.769989,268.929993,271.869995,37827700
6/1/2022,275.200012,277.690002,270.040009,272.420013,25292200
6/2/2022,264.450012,274.649994,261.600006,274.579987,44008200
6/3/2022,270.309998,273.450012,268.410004,270.019989,28059000
6/6/2022,272.059998,274.179993,267.220001,268.75,22400300
6/7/2022,266.640015,273.130005,265.940002,272.5,22860700
6/8/2022,271.709991,273,269.609985,270.410004,17372300
6/9/2022,267.779999,272.709991,264.630005,264.790009,26439700
6/10/2022,260.579987,260.579987,252.529999,252.990005,31422800
6/13/2022,245.110001,249.020004,241.529999,242.259995,46135800
6/14/2022,243.860001,245.740005,241.509995,244.490005,28651500
6/15/2022,248.309998,255.300003,246.419998,251.759995,33111700
6/16/2022,245.979996,247.419998,243.020004,244.970001,33169200
6/17/2022,244.699997,250.5,244.029999,247.649994,43084800
6/21/2022,250.259995,254.75,249.509995,253.740005,29928300
6/22/2022,251.889999,257.170013,250.369995,253.130005,25939900
6/23/2022,255.570007,259.369995,253.630005,258.859985,25861400
6/24/2022,261.809998,267.980011,261.720001,267.700012,33923200
6/27/2022,268.209991,268.299988,263.279999,264.890015,24615100
6/28/2022,263.980011,266.910004,256.320007,256.480011,27295500
6/29/2022,257.589996,261.970001,255.759995,260.26001,20069800
6/30/2022,257.049988,259.529999,252.899994,256.829987,31730900
7/1/2022,256.390015,259.769989,254.610001,259.579987,22837700
7/5/2022,256.160004,262.980011,254.740005,262.850006,22941000
7/6/2022,263.75,267.98999,262.399994,266.209991,23824400
7/7/2022,265.119995,269.059998,265.019989,268.399994,20859900
7/8/2022,264.790009,268.100006,263.290009,267.660004,19658800
7/11/2022,265.649994,266.529999,262.179993,264.51001,19455200
7/12/2022,265.880005,265.940002,252.039993,253.669998,35868500
7/13/2022,250.190002,253.550003,248.110001,252.720001,29497400
7/14/2022,250.570007,255.139999,245.940002,254.080002,25102800
7/15/2022,255.720001,260.369995,254.770004,256.720001,29774100
7/18/2022,259.75,260.839996,253.300003,254.25,20975000
7/19/2022,257.579987,259.720001,253.679993,259.529999,25012600
7/20/2022,259.899994,264.869995,258.910004,262.269989,22788300
7/21/2022,259.790009,264.890015,257.029999,264.839996,22404700
7/22/2022,265.23999,265.329987,259.070007,260.359985,21881300
7/25/2022,261,261.5,256.809998,258.829987,21056000
7/26/2022,259.859985,259.880005,249.570007,251.899994,39348000
7/27/2022,261.160004,270.049988,258.850006,268.73999,45994000
7/28/2022,269.75,277.839996,267.869995,276.410004,33459300
7/29/2022,277.700012,282,276.630005,280.73999,32152800
8/1/2022,277.820007,281.279999,275.839996,278.01001,21539600
8/2/2022,276,277.890015,272.380005,274.820007,22754200
8/3/2022,276.76001,283.5,276.609985,282.470001,23518900
8/4/2022,281.799988,283.799988,280.170013,283.649994,18098700
8/5/2022,279.149994,283.649994,278.679993,282.910004,16774600
8/8/2022,284.049988,285.920013,279.320007,280.320007,18739200
8/9/2022,279.640015,283.079987,277.609985,282.299988,23405200
8/10/2022,288.170013,289.809998,286.940002,289.160004,24687800
8/11/2022,290.850006,291.209991,286.51001,287.019989,20065900
8/12/2022,288.480011,291.910004,286.940002,291.910004,22619700
8/15/2022,291,294.179993,290.109985,293.470001,18085700
8/16/2022,291.98999,294.040009,290.420013,292.709991,18102900
8/17/2022,289.73999,293.350006,289.470001,291.320007,18253400
8/18/2022,290.190002,291.910004,289.079987,290.170013,17186200
8/19/2022,288.899994,289.25,285.559998,286.149994,20570000
8/22/2022,282.079987,282.459991,277.220001,277.75,25061100
8/23/2022,276.440002,278.859985,275.399994,276.440002,17527400
8/24/2022,275.410004,277.230011,275.109985,275.790009,18137000
8/25/2022,277.329987,279.019989,274.519989,278.850006,16583400
8/26/2022,279.079987,280.339996,267.980011,268.089996,27549300
8/29/2022,265.850006,267.399994,263.850006,265.230011,20338500
8/30/2022,266.670013,267.049988,260.660004,262.970001,22767100
8/31/2022,265.390015,267.109985,261.329987,261.470001,24791800
9/1/2022,258.869995,260.890015,255.410004,260.399994,23263400
9/2/2022,261.700012,264.73999,254.470001,256.059998,22855400
9/6/2022,256.200012,257.829987,251.940002,253.25,21328200
9/7/2022,254.699997,258.829987,253.220001,258.089996,24126700
9/8/2022,257.51001,260.429993,254.789993,258.519989,20319900
9/9/2022,260.5,265.230011,260.290009,264.459991,22084700
9/12/2022,265.779999,267.450012,265.160004,266.649994,18747700
9/13/2022,258.839996,260.399994,251.589996,251.990005,33353300
9/14/2022,253.529999,254.229996,249.860001,252.220001,23913000
9/15/2022,249.770004,251.399994,244.020004,245.380005,31530900
9/16/2022,244.259995,245.300003,242.059998,244.740005,39791800
9/19/2022,242.470001,245.139999,240.850006,244.520004,26826900
9/20/2022,242.070007,243.509995,239.639999,242.449997,26660300
9/21/2022,244.270004,247.660004,238.899994,238.949997,28625600
9/22/2022,237.869995,243.860001,237.570007,240.979996,31061200
9/23/2022,239.539993,241.130005,235.199997,237.919998,34176000
9/26/2022,237.050003,241.449997,236.899994,237.449997,27694200
9/27/2022,239.979996,241.800003,234.5,236.410004,27018700
9/28/2022,236.809998,242.330002,234.729996,241.070007,29029700
9/29/2022,238.889999,239.949997,234.410004,237.5,27484200
9/30/2022,238.289993,240.539993,232.729996,232.899994,35694800
10/3/2022,235.410004,241.610001,234.660004,240.740005,28880400
10/4/2022,245.089996,250.360001,244.979996,248.880005,34888400
10/5/2022,245.990005,250.580002,244.100006,249.199997,20347100
10/6/2022,247.929993,250.339996,246.080002,246.789993,20239900
10/7/2022,240.899994,241.320007,233.169998,234.240005,37769600
10/10/2022,233.050003,234.559998,226.729996,229.25,29743600
10/11/2022,227.619995,229.059998,224.110001,225.410004,30474000
10/12/2022,225.399994,227.860001,223.960007,225.75,21903900
10/13/2022,219.850006,236.100006,219.130005,234.240005,42551800
10/14/2022,235.539993,237.240005,228.339996,228.559998,30198600
10/17/2022,235.820007,238.960007,235.139999,237.529999,28142300
10/18/2022,243.240005,243.929993,235.369995,238.5,26329600
10/19/2022,237.039993,239.610001,234.289993,236.479996,19985700
10/20/2022,235.770004,241.309998,234.869995,236.149994,21811000
10/21/2022,234.740005,243,234.5,242.119995,26299700
10/24/2022,243.759995,247.839996,241.300003,247.25,24911200
10/25/2022,247.259995,251.039993,245.830002,250.660004,34775500
10/26/2022,231.169998,238.300003,230.059998,231.320007,82543200
10/27/2022,231.039993,233.690002,225.779999,226.75,40424600
10/28/2022,226.240005,236.600006,226.050003,235.869995,40647700
10/31/2022,233.759995,234.919998,231.149994,232.130005,28357300
11/1/2022,234.600006,235.740005,227.330002,228.169998,30592300
11/2/2022,229.460007,231.300003,220.039993,220.100006,38407000
11/3/2022,220.089996,220.410004,213.979996,214.25,36633900
11/4/2022,217.550003,221.589996,213.429993,221.389999,36789100
11/7/2022,221.990005,228.410004,221.279999,227.869995,33498000
11/8/2022,228.699997,231.649994,225.839996,228.869995,28192500
11/9/2022,227.369995,228.630005,224.330002,224.509995,27852900
11/10/2022,235.429993,243.330002,235,242.979996,46268000
11/11/2022,242.990005,247.990005,241.929993,247.110001,34620200
11/14/2022,241.990005,243.910004,239.210007,241.550003,31123300
11/15/2022,245.660004,247,240.029999,241.970001,31390100
11/16/2022,242.789993,243.800003,240.419998,241.729996,24093300
11/17/2022,237.779999,243.25,237.630005,241.679993,23123500
11/18/2022,243.509995,243.740005,239.029999,241.220001,27613500
11/21/2022,241.429993,244.669998,241.190002,242.050003,26394700
11/22/2022,243.589996,245.309998,240.710007,245.029999,19665700
11/23/2022,245.110001,248.279999,244.270004,247.580002,19508500
11/25/2022,247.309998,248.699997,246.729996,247.490005,9200800
11/28/2022,246.080002,246.649994,240.800003,241.759995,24778200
11/29/2022,241.399994,242.789993,238.210007,240.330002,17956300
11/30/2022,240.570007,255.330002,239.860001,255.139999,47594200
12/1/2022,253.869995,256.119995,250.919998,254.690002,26041500
12/2/2022,249.820007,256.059998,249.690002,255.020004,21528500
12/5/2022,252.009995,253.820007,248.059998,250.199997,23435300
12/6/2022,250.820007,251.860001,243.779999,245.119995,22463700
12/7/2022,244.830002,246.160004,242.210007,244.369995,20481500
12/8/2022,244.839996,248.740005,243.059998,247.399994,22611800
12/9/2022,244.699997,248.309998,244.160004,245.419998,20609700
12/12/2022,247.449997,252.539993,247.169998,252.509995,30665100
12/13/2022,261.690002,263.920013,253.070007,256.920013,42196900
12/14/2022,257.130005,262.589996,254.309998,257.220001,35410900
12/15/2022,253.720001,254.199997,247.339996,249.009995,35560400
12/16/2022,248.550003,249.839996,243.509995,244.690002,86102000
12/19/2022,244.860001,245.210007,238.710007,240.449997,29696400
12/20/2022,239.399994,242.910004,238.419998,241.800003,25150800
12/21/2022,241.690002,245.619995,240.110001,244.429993,23690600
12/22/2022,241.259995,241.990005,233.869995,238.190002,28651700
12/23/2022,236.110001,238.869995,233.940002,238.729996,21207000
12/27/2022,238.699997,238.929993,235.830002,236.960007,16688600
12/28/2022,236.889999,239.720001,234.169998,234.529999,17457100
12/29/2022,235.649994,241.919998,235.649994,241.009995,19770700
12/30/2022,238.210007,239.960007,236.660004,239.820007,21938500
1/3/2023,243.080002,245.75,237.399994,239.580002,25740000
1/4/2023,232.279999,232.869995,225.960007,229.100006,50623400
1/5/2023,227.199997,227.550003,221.759995,222.309998,39585600
1/6/2023,223,225.759995,219.350006,224.929993,43613600
1/9/2023,226.449997,231.240005,226.410004,227.119995,27369800
1/10/2023,227.759995,231.309998,227.330002,228.850006,27033900
1/11/2023,231.289993,235.949997,231.110001,235.770004,28669300
1/12/2023,235.259995,239.899994,233.559998,238.509995,27269500
1/13/2023,237,239.369995,234.919998,239.229996,21333300
1/17/2023,237.970001,240.910004,237.089996,240.350006,29831300
1/18/2023,241.570007,242.380005,235.520004,235.809998,30028700
1/19/2023,233.779999,235.520004,230.679993,231.929993,28623000
1/20/2023,234.860001,240.740005,234.509995,240.220001,35389800
1/23/2023,241.100006,245.169998,239.649994,242.580002,31934000
1/24/2023,242.5,243.949997,240.440002,242.039993,40234400
1/25/2023,234.479996,243.300003,230.899994,240.610001,66526600
1/26/2023,243.649994,248.309998,242,248,33454500
1/27/2023,248.990005,249.830002,246.830002,248.160004,26498900
1/30/2023,244.509995,245.600006,242.199997,242.710007,25867400
1/31/2023,243.449997,247.949997,242.949997,247.809998,26541100
2/1/2023,248,255.179993,245.470001,252.75,31259900
2/2/2023,258.820007,264.690002,257.25,264.600006,39940400
2/3/2023,259.540009,264.200012,257.100006,258.350006,29077300
2/6/2023,257.440002,258.299988,254.779999,256.769989,22518000
2/7/2023,260.529999,268.769989,260.079987,267.559998,50841400
2/8/2023,273.200012,276.76001,266.209991,266.730011,54686000
2/9/2023,273.799988,273.980011,262.799988,263.619995,42375100
2/10/2023,261.529999,264.089996,260.660004,263.100006,25818500
2/13/2023,267.640015,274.600006,267.149994,271.320007,44630900
2/14/2023,272.670013,274.970001,269.279999,272.170013,37047900
2/15/2023,268.320007,270.730011,266.179993,269.320007,28922400
2/16/2023,264.019989,266.73999,261.899994,262.149994,29603600
2/17/2023,259.390015,260.089996,256,258.059998,30000100
2/21/2023,254.479996,255.490005,251.589996,252.669998,28397400
2/22/2023,254.089996,254.339996,250.339996,251.509995,22491100
2/23/2023,255.559998,256.839996,250.479996,254.770004,29219100
2/24/2023,249.960007,251,248.100006,249.220001,24990900
2/27/2023,252.460007,252.820007,249.389999,250.160004,21190000
2/28/2023,249.070007,251.490005,248.729996,249.419998,22491000
3/1/2023,250.759995,250.929993,245.789993,246.270004,27565300
3/2/2023,246.550003,251.399994,245.610001,251.110001,24808200
3/3/2023,252.190002,255.619995,251.389999,255.289993,30760100
3/6/2023,256.429993,260.119995,255.979996,256.869995,24109800
3/7/2023,256.299988,257.690002,253.389999,254.149994,21473200
3/8/2023,254.039993,254.539993,250.809998,253.699997,17340200
3/9/2023,255.820007,259.559998,251.580002,252.320007,26653400
3/10/2023,251.080002,252.789993,247.600006,248.589996,28333900
3/13/2023,247.399994,257.910004,245.729996,253.919998,33339700
3/14/2023,256.75,261.070007,255.860001,260.790009,33620300
3/15/2023,259.980011,266.480011,259.209991,265.440002,46028000
3/16/2023,265.209991,276.559998,263.279999,276.200012,54768800
3/17/2023,278.26001,283.329987,276.320007,279.429993,69527400
3/20/2023,276.980011,277.480011,269.850006,272.230011,43466600
3/21/2023,274.880005,275,269.519989,273.779999,34558700
3/22/2023,273.399994,281.040009,272.179993,272.290009,34873300
3/23/2023,277.940002,281.059998,275.200012,277.660004,36610900
3/24/2023,277.23999,280.630005,275.279999,280.570007,28172000
3/27/2023,280.5,281.459991,275.519989,276.380005,26840200
3/28/2023,275.790009,276.140015,272.049988,275.230011,21878600
3/29/2023,278.959991,281.140015,278.410004,280.51001,25087000
3/30/2023,284.230011,284.459991,281.480011,284.049988,25053400
3/31/2023,283.730011,289.269989,283,288.299988,32766000
4/3/2023,286.519989,288.269989,283.950012,287.230011,24883300
4/4/2023,287.230011,290.450012,285.670013,287.179993,25824300
4/5/2023,285.850006,287.149994,282.920013,284.339996,22064800
4/6/2023,283.209991,292.079987,282.029999,291.600006,29770300
4/10/2023,289.209991,289.600006,284.709991,289.390015,23103000
4/11/2023,285.75,285.980011,281.640015,282.829987,27276600
4/12/2023,284.790009,287.01001,281.959991,283.48999,27403400
4/13/2023,283.589996,289.899994,283.170013,289.839996,24222700
4/14/2023,287,288.480011,283.690002,286.140015,20987900
4/17/2023,289.929993,291.600006,286.160004,288.799988,23836200
4/18/2023,291.570007,291.76001,287.01001,288.369995,20161800
4/19/2023,285.98999,289.049988,284.540009,288.450012,17150300
4/20/2023,285.25,289.029999,285.079987,286.109985,23244400
4/21/2023,285.01001,286.269989,283.059998,285.76001,21676400
4/24/2023,282.089996,284.950012,278.720001,281.769989,26611000
4/25/2023,279.51001,281.600006,275.369995,275.420013,45772200
4/26/2023,296.700012,299.570007,292.730011,295.369995,64599200
4/27/2023,295.970001,305.200012,295.25,304.829987,46462600
4/28/2023,304.01001,308.929993,303.309998,307.26001,36446700
5/1/2023,306.970001,308.600006,305.149994,305.559998,21294100
5/2/2023,307.76001,309.179993,303.910004,305.410004,26404400
5/3/2023,306.619995,308.609985,304.089996,304.399994,22360800
5/4/2023,306.23999,307.76001,303.399994,305.410004,22519900
5/5/2023,305.720001,311.970001,304.269989,310.649994,28181200
5/8/2023,310.130005,310.200012,306.089996,308.649994,21318600
5/9/2023,308,310.040009,306.309998,307,21340800
5/10/2023,308.619995,313,307.670013,312.309998,30078000
5/11/2023,310.100006,311.119995,306.26001,310.109985,31680200
5/12/2023,310.549988,310.649994,306.600006,308.970001,19758100
5/15/2023,309.100006,309.899994,307.589996,309.459991,16336500
5/16/2023,309.829987,313.709991,309.829987,311.73999,26730300
5/17/2023,312.290009,314.429993,310.73999,314,24315000
5/18/2023,314.529999,319.040009,313.720001,318.519989,27276000
5/19/2023,316.73999,318.75,316.369995,318.339996,27529500
5/22/2023,318.600006,322.589996,318.01001,321.179993,24115700
5/23/2023,320.029999,322.720001,315.25,315.26001,30797200
5/24/2023,314.730011,316.5,312.609985,313.850006,23384900
5/25/2023,323.23999,326.899994,320,325.920013,43301700
5/26/2023,324.019989,333.399994,323.880005,332.890015,36630600
5/30/2023,335.230011,335.73999,330.519989,331.209991,29503100
5/31/2023,332.290009,335.940002,327.329987,328.390015,45950600
6/1/2023,325.929993,333.529999,324.720001,332.579987,26773900
6/2/2023,334.25,337.5,332.549988,335.399994,25864000
6/5/2023,335.220001,338.559998,334.660004,335.940002,21307100
6/6/2023,335.329987,335.369995,332.170013,333.679993,20396200
6/7/2023,331.649994,334.48999,322.5,323.380005,40717100
6/8/2023,323.940002,326.640015,323.350006,325.26001,23277700
6/9/2023,324.98999,329.98999,324.410004,326.790009,22514900
6/12/2023,328.579987,332.100006,325.160004,331.850006,24260300
6/13/2023,334.470001,336.980011,330.390015,334.290009,22951300
6/14/2023,334.339996,339.040009,332.809998,337.339996,26003800
6/15/2023,337.480011,349.839996,337.200012,348.100006,38899100
6/16/2023,351.320007,351.470001,341.950012,342.329987,46533600
6/20/2023,339.309998,342.079987,335.859985,338.049988,26375400
6/21/2023,336.369995,337.730011,332.070007,333.559998,25117800
6/22/2023,334.119995,340.119995,333.339996,339.709991,23556800
6/23/2023,334.359985,337.959991,333.450012,335.019989,23084700
6/26/2023,333.720001,336.109985,328.48999,328.600006,21520600
6/27/2023,331.859985,336.149994,329.299988,334.570007,24354100
6/28/2023,334.660004,337.980011,333.809998,335.850006,20259500
6/29/2023,334.709991,336.109985,332.619995,335.049988,16997000
6/30/2023,337.75,342.730011,337.200012,340.540009,26823800
7/3/2023,339.190002,340.899994,336.570007,337.98999,12508700
7/5/2023,335.089996,341.649994,334.730011,338.149994,18172400
7/6/2023,337.299988,342.98999,335.5,341.269989,28161200
7/7/2023,339.320007,341.790009,337,337.220001,21185300
7/10/2023,334.600006,335.230011,327.589996,331.829987,32791400
7/11/2023,331.059998,332.859985,327,332.470001,26698200
7/12/2023,336.600006,341.649994,335.670013,337.200012,29995300
7/13/2023,339.559998,343.73999,339.019989,342.660004,20567200
7/14/2023,347.589996,351.429993,344.309998,345.23999,28302200
7/17/2023,345.679993,346.98999,342.200012,345.730011,20363900
7/18/2023,345.829987,366.779999,342.170013,359.48999,64872700
7/19/2023,361.75,362.459991,352.440002,355.079987,39732900
7/20/2023,353.570007,357.970001,345.369995,346.869995,33778400
7/21/2023,349.149994,350.299988,339.829987,343.769989,69368900
7/24/2023,345.850006,346.920013,342.309998,345.109985,26678100
7/25/2023,347.109985,351.890015,345.070007,350.980011,41637700
7/26/2023,341.440002,344.670013,333.109985,337.769989,58383700
7/27/2023,340.480011,341.329987,329.049988,330.720001,39635300
7/28/2023,333.670013,340.01001,333.170013,338.369995,28484900
7/31/2023,336.920013,337.700012,333.359985,335.920013,25446000
8/1/2023,335.190002,338.540009,333.700012,336.339996,18311900
8/2/2023,333.630005,333.630005,326.359985,327.5,27761300
8/3/2023,326,329.880005,325.950012,326.660004,18253700
8/4/2023,331.880005,335.140015,327.23999,327.779999,23727700
8/7/2023,328.369995,331.109985,327.519989,330.109985,17741500
8/8/2023,326.959991,328.75,323,326.049988,22327600
8/9/2023,326.470001,327.109985,321.049988,322.230011,22373300
8/10/2023,326.019989,328.26001,321.179993,322.929993,20113700
8/11/2023,320.26001,322.410004,319.209991,321.01001,24342600
8/14/2023,321.390015,324.059998,320.079987,324.040009,18836100
8/15/2023,323,325.089996,320.899994,321.859985,16966300
8/16/2023,320.799988,324.420013,319.799988,320.399994,20698900
8/17/2023,320.540009,321.869995,316.209991,316.880005,21257200
8/18/2023,314.48999,318.380005,311.549988,316.480011,24744800
